,sigmas,parents,best_fit
0,1.0,[1.98421355 6.50876567],662.3133589509813
1,0.6106514932071982,[2.39836554 6.3659636 ],39.63124939066823
2,0.2928803737524527,[2.40873946 6.253321  ],22.351282466248033
3,0.11460208025196023,[2.5150162  6.34923063],2.3525105016091645
4,0.22061319591831008,[2.4737825  6.11671171],2.1728690148632928
5,0.12347353302976555,[2.4512238  5.98342739],2.16890478835917
6,0.12347353302976555,[2.4512238  5.98342739],2.16890478835917
7,0.12347353302976555,[2.4512238  5.98342739],2.16890478835917
8,0.200985395892389,[2.42877249 5.89979888],2.041465313011131
9,0.200985395892389,[2.42877249 5.89979888],2.041465313011131
10,0.200985395892389,[2.42877249 5.89979888],2.041465313011131
11,0.200985395892389,[2.42877249 5.89979888],2.041465313011131
12,0.200985395892389,[2.42877249 5.89979888],2.041465313011131
13,0.200985395892389,[2.42877249 5.89979888],2.041465313011131
14,0.200985395892389,[2.42877249 5.89979888],2.041465313011131
15,0.200985395892389,[2.42877249 5.89979888],2.041465313011131
16,0.200985395892389,[2.42877249 5.89979888],2.041465313011131
17,0.200985395892389,[2.42877249 5.89979888],2.041465313011131
18,0.200985395892389,[2.42877249 5.89979888],2.041465313011131
19,0.200985395892389,[2.42877249 5.89979888],2.041465313011131
20,0.200985395892389,[2.42877249 5.89979888],2.041465313011131
21,0.200985395892389,[2.42877249 5.89979888],2.041465313011131
22,0.200985395892389,[2.42877249 5.89979888],2.041465313011131
23,0.200985395892389,[2.42877249 5.89979888],2.041465313011131
24,0.200985395892389,[2.42877249 5.89979888],2.041465313011131
25,0.200985395892389,[2.42877249 5.89979888],2.041465313011131
26,0.200985395892389,[2.42877249 5.89979888],2.041465313011131
27,0.200985395892389,[2.42877249 5.89979888],2.041465313011131
28,0.200985395892389,[2.42877249 5.89979888],2.041465313011131
29,0.200985395892389,[2.42877249 5.89979888],2.041465313011131
30,0.10429652060581472,[2.41018094 5.80514754],1.9900730507804552
31,0.05972409903084325,[2.38817203 5.70137668],1.9274171657009134
32,0.05972409903084325,[2.38817203 5.70137668],1.9274171657009134
33,0.05972409903084325,[2.38817203 5.70137668],1.9274171657009134
34,0.05972409903084325,[2.38817203 5.70137668],1.9274171657009134
35,0.05972409903084325,[2.38817203 5.70137668],1.9274171657009134
36,0.08265914178913558,[2.36293747 5.59034573],1.8623213033936001
37,0.08265914178913558,[2.36293747 5.59034573],1.8623213033936001
38,0.08265914178913558,[2.36293747 5.59034573],1.8623213033936001
39,0.08265914178913558,[2.36293747 5.59034573],1.8623213033936001
40,0.08265914178913558,[2.36293747 5.59034573],1.8623213033936001
41,0.08265914178913558,[2.36293747 5.59034573],1.8623213033936001
42,0.08265914178913558,[2.36293747 5.59034573],1.8623213033936001
43,0.08265914178913558,[2.36293747 5.59034573],1.8623213033936001
44,0.08265914178913558,[2.36293747 5.59034573],1.8623213033936001
45,0.10019650398215123,[2.3510805  5.51438726],1.8428220779034705
46,0.06154367678917044,[2.32195926 5.3990306 ],1.7532551239854433
47,0.0585175897719731,[2.30649553 5.3300527 ],1.7171944309910347
48,0.0585175897719731,[2.30649553 5.3300527 ],1.7171944309910347
49,0.0585175897719731,[2.30649553 5.3300527 ],1.7171944309910347
50,0.0585175897719731,[2.30649553 5.3300527 ],1.7171944309910347
51,0.0585175897719731,[2.30649553 5.3300527 ],1.7171944309910347
52,0.0585175897719731,[2.30649553 5.3300527 ],1.7171944309910347
53,0.0585175897719731,[2.30649553 5.3300527 ],1.7171944309910347
54,0.0731556363445126,[2.29951927 5.29525861],1.6943300516060862
55,0.0731556363445126,[2.29951927 5.29525861],1.6943300516060862
56,0.0731556363445126,[2.29951927 5.29525861],1.6943300516060862
57,0.0731556363445126,[2.29951927 5.29525861],1.6943300516060862
58,0.0731556363445126,[2.29951927 5.29525861],1.6943300516060862
59,0.0731556363445126,[2.29951927 5.29525861],1.6943300516060862
60,0.0731556363445126,[2.29951927 5.29525861],1.6943300516060862
61,0.0731556363445126,[2.29951927 5.29525861],1.6943300516060862
62,0.015723122561770494,[2.29393725 5.26658107],1.6762387204416427
63,0.015723122561770494,[2.29393725 5.26658107],1.6762387204416427
64,0.015723122561770494,[2.29393725 5.26658107],1.6762387204416427
65,0.015723122561770494,[2.29393725 5.26658107],1.6762387204416427
66,0.005245046390346435,[2.29253894 5.26169022],1.674203619531418
67,0.005245046390346435,[2.29253894 5.26169022],1.674203619531418
68,0.005245046390346435,[2.29253894 5.26169022],1.674203619531418
69,0.005245046390346435,[2.29253894 5.26169022],1.674203619531418
70,0.005684831856427855,[2.2929459  5.25898514],1.6719007132961443
71,0.004322078556067416,[2.2903319  5.25349995],1.6711654359695898
72,0.0015968716574985763,[2.29057482 5.25095536],1.6673661997310085
73,0.00042034997098375204,[2.2907184  5.25029784],1.6667990838526554
74,0.0008868334832750766,[2.29069635 5.24886351],1.6661447329628232
75,0.001193542782239824,[2.28985112 5.24688976],1.6649211164024704
76,0.000692877138167859,[2.28997313 5.24619996],1.6645248567377866
77,0.000692877138167859,[2.28997313 5.24619996],1.6645248567377866
78,0.0013206703064645876,[2.28964088 5.24544471],1.6640672213513215
79,0.0006173366883497563,[2.28911094 5.2446691 ],1.663960169748557
80,0.00026495030770181137,[2.28941465 5.24431916],1.6634309788844797
81,0.00013676291105660382,[2.28946996 5.24423186],1.6633877094536893
82,0.00011180501722939143,[2.28935262 5.24417353],1.6633531933962042
83,5.911692071944396e-05,[2.28937922 5.24411779],1.6633170631590282
84,4.299488313046706e-05,[2.28932566 5.24404063],1.663277929097013
85,6.215938455235041e-05,[2.28940318 5.24397567],1.6632411191111176
86,0.00010398754521290708,[2.28936459 5.24383528],1.6631606786782942
87,0.00011105336164653013,[2.28933646 5.24365087],1.6630590293198126
88,0.00012512661059410027,[2.28937464 5.24359546],1.6630435543605384
89,0.0002129510280474763,[2.28925905 5.24323972],1.6628303665705377
90,0.00033808636560567163,[2.2892032  5.24227657],1.6623780533440573
91,0.00037297117536170144,[2.28879291 5.24189703],1.66209208922933
92,0.0006842774361899582,[2.28911771 5.24078598],1.6618771985216827
93,0.00038524080648731336,[2.28872181 5.24035225],1.661246889465824
94,0.0002171399000996637,[2.28850567 5.2402488 ],1.6611412268710426
95,0.00031966130836469256,[2.28868693 5.24007117],1.6611073539512486
96,0.00031966130836469256,[2.28868693 5.24007117],1.6611073539512486
97,9.06331385603143e-05,[2.28850452 5.23998951],1.6609927824472515
98,0.00011992726826337852,[2.2885451  5.23980475],1.6609083056757254
99,0.00018514283742995723,[2.28840851 5.23968283],1.6608197896162147
100,0.0003046935999801881,[2.28844507 5.23917396],1.6605716786127858
101,0.0009925086463992462,[2.2882274  5.23874018],1.6602891384606924
102,0.0009925086463992462,[2.2882274  5.23874018],1.6602891384606924
103,0.0011833056131464468,[2.28741045 5.23657354],1.659297935186109
104,0.0008316239026433396,[2.28712405 5.23566291],1.6589222956559548
105,0.0006539792690664566,[2.28731151 5.23540751],1.6584767118378163
106,0.0007054189010520061,[2.28710959 5.23457241],1.6580216794168332
107,0.0016142942424139405,[2.28693981 5.23268393],1.656885005968859
108,0.0016142942424139405,[2.28693981 5.23268393],1.656885005968859
109,0.0018744710254048006,[2.28647505 5.23114078],1.6560246097565474
110,0.00036294670454403157,[2.28668413 5.23095413],1.6559680665400904
111,0.0003002459364913862,[2.28634076 5.2305116 ],1.6556695530094756
112,0.00016190916464056646,[2.28619634 5.2302117 ],1.6555386492207709
113,0.0004989558416133613,[2.2860387  5.22906449],1.6548513071051565
114,0.0004009800992438754,[2.28572427 5.22813342],1.6543814430732078
115,0.0007242905497527706,[2.28572895 5.22765554],1.6540591323037104
116,0.00033204983207550914,[2.28560922 5.22726543],1.6538511715243824
117,0.0004349305714672523,[2.28556175 5.22635109],1.6533236470076964
118,0.0005657592079522499,[2.28574288 5.22580557],1.6532751950297484
119,0.00047278554789239897,[2.28529774 5.2254876 ],1.6528323471488466
120,0.0005488360783175441,[2.28503157 5.22496811],1.6526012993585029
121,0.00036222587287436576,[2.28519953 5.22455577],1.652322928135026
122,0.0005645409237026635,[2.28510371 5.22349242],1.651813193814957
123,0.000629831747170397,[2.28415647 5.22139714],1.6506790059164769
124,0.000748449934338747,[2.28393913 5.2204644 ],1.6501696032748088
125,0.0013796545176861963,[2.28374337 5.21911959],1.6493189539828375
126,0.0011418357149696526,[2.28401284 5.21763381],1.6487734617874794
127,0.0009695784474110611,[2.28356003 5.21731568],1.6482388520501248
128,0.0009853723740295224,[2.28277488 5.21562581],1.6475950001226558
129,0.0024224387194066886,[2.28192122 5.21350013],1.647336076306112
130,0.002323806254306996,[2.28228124 5.21166887],1.645063829311
131,0.002323806254306996,[2.28228124 5.21166887],1.645063829311
132,0.0024998944756748007,[2.28190291 5.20560879],1.643491767831095
133,0.0010867108073036509,[2.28081171 5.20523074],1.6414574993612068
134,0.0010867108073036509,[2.28081171 5.20523074],1.6414574993612068
135,0.0011023635886151446,[2.2807044  5.20320767],1.6404581951271031
136,0.00045999676181390916,[2.27987083 5.20242563],1.64019881733501
137,0.0003970284893470585,[2.28029229 5.20195473],1.639641989682903
138,0.00047526525854290675,[2.28027624 5.20169796],1.639522691995814
139,0.0006405109194959717,[2.28015019 5.20125942],1.639257367718722
140,0.0004516912974167705,[2.28022358 5.20075776],1.639151493802031
141,0.00016220674242139384,[2.28022912 5.20057094],1.6391134068422932
142,0.00043495161292543224,[2.27973725 5.19995349],1.638484537194327
143,0.00043495161292543224,[2.27973725 5.19995349],1.638484537194327
144,0.00031765035519183156,[2.27957701 5.19939732],1.6381734558031982
145,0.00019361409726642944,[2.27947313 5.19927435],1.6381251033426225
146,0.00034569414192158864,[2.27960497 5.19897912],1.6379554602449284
147,0.00046267892010076305,[2.27949239 5.19808807],1.6375017811038588
148,0.00045367939003836236,[2.27930616 5.19798558],1.6373799554946484
149,0.0008310942330507146,[2.27937533 5.19745867],1.6371648152118696
150,0.000805901361412651,[2.27928833 5.19583935],1.6366254331799304
151,0.0007392433397105404,[2.27892533 5.19451787],1.6357534752035938
152,0.0005353026667168183,[2.27869017 5.19363471],1.635193952281489
153,0.00044140189588074287,[2.27818184 5.19368456],1.6350247833697156
154,0.0005343162165807926,[2.27838122 5.19331171],1.634783288726921
155,0.00033405854453452097,[2.27835059 5.19289675],1.6345863892859398
156,0.0004136525441046049,[2.27772145 5.19233076],1.634434684008076
157,0.00025812414623327206,[2.27785368 5.19202004],1.6340678310533565
158,0.0001571132834963944,[2.27786094 5.19173076],1.6338774053861318
159,0.00026832872916564775,[2.27792791 5.19156665],1.6337815207864432
160,0.00010584666991025012,[2.27790276 5.19155594],1.6337725641598744
161,0.00010733451992033333,[2.27783038 5.19149647],1.6337416371276852
162,0.00028262358525948705,[2.27782508 5.1912101 ],1.6335784109285265
163,0.0007145546775174233,[2.27779489 5.19061267],1.6332719487875127
164,0.0009645708209340138,[2.27741153 5.18994456],1.6328966320366123
165,0.0015665740927910097,[2.27698448 5.18827078],1.6319943484263666
166,0.0015665740927910097,[2.27698448 5.18827078],1.6319943484263666
167,0.000932959746838149,[2.27738557 5.18715393],1.6317586269798503
168,0.00043589542313134566,[2.27715318 5.18712811],1.6314097610936553
169,0.0003342841004182564,[2.27707397 5.18682498],1.631227376816197
170,0.00019981027794191943,[2.27684655 5.18660382],1.630999457020035
171,0.0002943185205043865,[2.276541   5.18630581],1.6309015290761282
172,0.00031724415712317537,[2.27646473 5.18585835],1.6306343336377975
173,9.348778777291024e-05,[2.27641443 5.18568823],1.6305482790434922
174,0.00013350566223348934,[2.27661982 5.18550492],1.6303867275315511
175,0.00010473467281412546,[2.27659745 5.18531742],1.630287397837602
176,0.00023922523613985778,[2.27625315 5.18497258],1.6301501087016335
177,0.0004707593185180276,[2.27646671 5.18414898],1.6297088880101827
178,0.0012047543843715584,[2.27625467 5.18408366],1.6295813192440836
179,0.0011437347317331357,[2.27630172 5.18258183],1.6290526414462094
180,0.0029177148079131943,[2.27351645 5.1765161 ],1.6276796639983144
181,0.0015793455279225373,[2.27497044 5.17733937],1.6258914513277807
182,0.0007983053974003154,[2.27467191 5.17649873],1.6253484775463245
183,0.0007983053974003154,[2.27467191 5.17649873],1.6253484775463245
184,0.0001450586554364712,[2.27458979 5.17626303],1.6252062921363157
185,0.00013348200700601906,[2.27451552 5.17616331],1.625141917221722
186,0.00013348200700601906,[2.27451552 5.17616331],1.625141917221722
187,0.00017009744324374492,[2.27455351 5.17578679],1.624967627623599
188,6.879304560024616e-05,[2.274511   5.17575949],1.624934874352264
189,0.00016198717948657102,[2.27443475 5.17555938],1.6248119101008933
190,0.00013267780225608634,[2.27441096 5.1755645 ],1.624809361423706
191,0.00025199920760514736,[2.274365   5.17541584],1.6247242265341768
192,5.972270324158757e-05,[2.27433901 5.17539793],1.6247127491882396
193,3.446278220327928e-05,[2.27432401 5.17534033],1.6246804406757815
194,5.3574957167359396e-05,[2.27438467 5.17526972],1.6246536461010859
195,0.00010892013450023734,[2.27433389 5.17522573],1.6246191249198787
196,0.00010732239822900331,[2.27437222 5.17503768],1.62453925136054
197,0.00011978156453039901,[2.2743822  5.17489805],1.6244841549436955
198,8.194897364574048e-05,[2.27427634 5.17483295],1.6244052301467047
199,6.730642751663976e-05,[2.27430884 5.17476465],1.6243846625205878
200,4.6242886184740114e-05,[2.2742635  5.17473687],1.6243538085763898
201,0.0001863579240511775,[2.27422311 5.17467155],1.624310585403276
202,0.000495318170021368,[2.27387999 5.17434079],1.6242222836958826
203,0.0005138261726254638,[2.273702   5.17379252],1.6239746885213509
204,0.00012035447720601108,[2.27362286 5.17366879],1.6239709814300964
205,0.00012048102054364758,[2.2737954  5.17356314],1.6237227338430151
206,0.0002078450736329548,[2.27365524 5.17301673],1.623428685255549
207,8.289745706638026e-05,[2.27373876 5.1727311 ],1.6232187788088708
208,0.00013382885152112247,[2.27390177 5.17240764],1.6231419873220483
209,0.00041228030778660485,[2.2737138  5.17237313],1.6230221582481743
210,0.0006450002544199238,[2.27358676 5.17221331],1.6229331971339347
211,0.0005581359123808878,[2.27361211 5.17212445],1.622878777039734
212,0.00043228255760915176,[2.27372034 5.17170793],1.6227259336044546
213,0.0002560796429789545,[2.27367069 5.17144569],1.6225857035508742
214,0.00029436186387546886,[2.27340124 5.17123663],1.6223821345441294
215,0.00021619845034955113,[2.27335113 5.17092872],1.6222089821362917
216,0.0002246586394155725,[2.27345276 5.17058541],1.622081114240235
217,0.0002246586394155725,[2.27345276 5.17058541],1.622081114240235
218,0.00012756197157494904,[2.27329594 5.17053437],1.6219900783849777
219,0.00011980157490391018,[2.27328531 5.17041902],1.6219278057834268
220,0.0003138264373139025,[2.27298111 5.16952282],1.6214293547821976
221,0.0002901530740422817,[2.27289853 5.16925895],1.6212890592677531
222,0.00013050511200225887,[2.27292804 5.16900361],1.621130765961761
223,0.0003481018788763832,[2.27284173 5.16852838],1.6208652850021419
224,0.0007241649276710513,[2.27265313 5.16782794],1.620472946777883
225,0.0017144499318220879,[2.27231576 5.16690696],1.6200040439035133
226,0.0008981673767377049,[2.27180907 5.16510575],1.6190897585206678
227,0.0004057325549016757,[2.27185484 5.16430267],1.618501732107113
228,0.0008210094385265962,[2.27201672 5.16233479],1.618034079759994
229,0.0014517334097575371,[2.27121941 5.16096986],1.616640018847679
230,0.0025431017150342244,[2.26974331 5.15666014],1.6146740820703542
231,0.003132545334568708,[2.26961591 5.15145518],1.6119334813998552
232,0.0007428039487245053,[2.26843044 5.15099734],1.6116413281102948
233,0.003764225775797815,[2.2687556  5.14757102],1.609750946947498
234,0.0005506423567404767,[2.2680496  5.14750466],1.6091439545035875
235,0.0006194826869455461,[2.26815555 5.14678933],1.60872913558866
236,0.0008178588336216079,[2.26736232 5.14542515],1.608226181910469
237,0.000836447680629332,[2.26730671 5.14500451],1.607936672165507
238,0.000562477434292779,[2.26733421 5.14436455],1.6074034585516677
239,0.0003644680911590506,[2.26751965 5.14411917],1.6072180355866539
240,0.00036978391075129734,[2.267289 5.143573],1.6069056363885497
241,0.00019509557318145374,[2.26721307 5.14347943],1.6068685898098578
242,0.00043896786743992475,[2.26723827 5.14303101],1.6066012616084875
243,0.0006153278179048828,[2.2673446  5.14231296],1.606375908444975
244,0.0003270436210901689,[2.26705492 5.14186862],1.6059713440234713
245,0.00017607640666855728,[2.26691941 5.14154896],1.605774037131474
246,0.00013444445978479387,[2.26697396 5.14138563],1.6057135046828814
247,3.887552131437873e-05,[2.26690153 5.14137174],1.6056791679541362
248,6.35372342636161e-05,[2.26679028 5.14122851],1.605593015871995
249,0.0001060934414837679,[2.26682882 5.14113217],1.605541317195402
250,0.00011584377028703638,[2.26689528 5.14104558],1.605521550867637
251,0.0001417988025430673,[2.26693571 5.14078954],1.6054472313937238
252,0.000313315804492879,[2.26698336 5.13997027],1.605304101132095
253,0.00014700049811488175,[2.26681289 5.14007148],1.6050808514020474
254,0.00041404501363504663,[2.26643919 5.13939163],1.6045678411304614
255,0.0007541446849526745,[2.26648548 5.13896147],1.6043874852916193
256,0.0005558887759831174,[2.26625824 5.13856202],1.60410457278288
257,0.0009289427664455215,[2.26568464 5.13548194],1.6024220341358855
258,0.0010480241386746814,[2.26557771 5.13503865],1.602169311091304
259,0.0010480241386746814,[2.26557771 5.13503865],1.602169311091304
260,0.003386785824070517,[2.26443521 5.13018461],1.599430325520941
261,0.003386785824070517,[2.26443521 5.13018461],1.599430325520941
262,0.001979537036060422,[2.26366571 5.1288141 ],1.5989962448675545
263,0.00101933513590483,[2.26440807 5.12677673],1.5987866112506415
264,0.0007478895462231355,[2.26343918 5.12604686],1.5971137374676379
265,0.001162292990431222,[2.26340829 5.12488471],1.5965493099298136
266,0.0006830264791593348,[2.26298857 5.12462259],1.5963688515174341
267,0.0023081755592014486,[2.26304552 5.11905016],1.5958244722973214
268,0.001097895928908697,[2.26160665 5.11833777],1.5928576066606175
269,0.0011630813393933004,[2.26159097 5.11773264],1.5924755043098378
270,0.0013185436388025694,[2.26074397 5.11573835],1.5917554655519275
271,0.00045573586964998926,[2.26100198 5.11558935],1.5913227354709614
272,0.0003985598853257053,[2.26111381 5.11524028],1.591086446264965
273,0.001020816011988049,[2.2610555  5.11501868],1.5909614776719438
274,0.0006782877807520524,[2.26080394 5.11468857],1.5908196629092037
275,0.00409055856324675,[2.26003943 5.11049547],1.58843770518232
276,0.005787792943178175,[2.25804091 5.10533629],1.5870065094020223
277,0.005787792943178175,[2.25804091 5.10533629],1.5870065094020223
278,0.00976521648047934,[2.25647016 5.09389603],1.5792183248955696
279,0.00976521648047934,[2.25647016 5.09389603],1.5792183248955696
280,0.00976521648047934,[2.25647016 5.09389603],1.5792183248955696
281,0.002291085478093572,[2.25562589 5.08950907],1.5768722383651728
282,0.002291085478093572,[2.25562589 5.08950907],1.5768722383651728
283,0.0019267127282023534,[2.25468285 5.08838781],1.576526392329482
284,0.0022942903157856308,[2.25523031 5.08889558],1.5764050591421217
285,0.0022942903157856308,[2.25523031 5.08889558],1.5764050591421217
286,0.003246386119557137,[2.25276065 5.08284338],1.5756705265897026
287,0.004574887960192745,[2.25399332 5.08456875],1.574166227779383
288,0.004574887960192745,[2.25399332 5.08456875],1.574166227779383
289,0.0024453940872051208,[2.25328217 5.08271741],1.5736721630010373
290,0.0012669166132025119,[2.2538485  5.08047725],1.5721775592274645
291,0.0017140203694542859,[2.25334219 5.08047581],1.571722080987507
292,0.0017140203694542859,[2.25334219 5.08047581],1.571722080987507
293,0.0017140203694542859,[2.25334219 5.08047581],1.571722080987507
294,0.0017140203694542859,[2.25334219 5.08047581],1.571722080987507
295,0.001989639990100595,[2.25332624 5.07953537],1.5712494695127632
296,0.001989639990100595,[2.25332624 5.07953537],1.5712494695127632
297,0.001989639990100595,[2.25332624 5.07953537],1.5712494695127632
298,0.001989639990100595,[2.25332624 5.07953537],1.5712494695127632
299,0.001989639990100595,[2.25332624 5.07953537],1.5712494695127632
300,0.001989639990100595,[2.25332624 5.07953537],1.5712494695127632
301,0.008411417318682205,[2.25093729 5.07316412],1.5689984540150705
302,0.0005637997368433234,[2.25123352 5.07337172],1.5684148794402797
303,0.0007277779180135602,[2.2516769  5.07282859],1.5674677480464874
304,0.0007277779180135602,[2.2516769  5.07282859],1.5674677480464874
305,0.001041474797377658,[2.2515653  5.06971995],1.566418720482897
306,0.0005725654787443083,[2.25101156 5.06937477],1.5655689613915973
307,0.00019711741447715517,[2.25088484 5.06910186],1.5653989556974996
308,0.0001539697504865038,[2.25075232 5.06878532],1.5652219653954382
309,0.00011123781894288023,[2.25073109 5.0686191 ],1.5651283920004804
310,0.00011532654768850315,[2.25061362 5.0685425 ],1.5651108135596121
311,0.00018743707302453316,[2.25075808 5.06819321],1.5649161941166083
312,0.0004424096172247103,[2.25025933 5.06722423],1.5644137421295663
313,0.0007217929573617016,[2.25058557 5.06605341],1.5640485448334749
314,0.0013332625036453695,[2.25024263 5.06573912],1.563567692182564
315,0.0022691846090280732,[2.24979583 5.06288115],1.5621585819644335
316,0.0013858368222938037,[2.24908106 5.06225398],1.5617154391713077
317,0.0008196414389422095,[2.24871211 5.06145555],1.561537608656216
318,0.00026517265385955584,[2.24905936 5.0613935 ],1.5611261599150046
319,0.00046350170902561313,[2.24913758 5.06108304],1.5609514210172468
320,0.0009209477378537576,[2.24896731 5.05930585],1.560130144159313
321,0.0017192802029655895,[2.24824642 5.05744996],1.558924547593056
322,0.0016364206346380005,[2.24841907 5.0557505 ],1.5585632980266664
323,0.0013022380171724395,[2.2476076  5.05428036],1.5571701038644308
324,0.0013022380171724395,[2.2476076  5.05428036],1.5571701038644308
325,0.0004898900314939165,[2.24708201 5.05364664],1.5570360447776348
326,0.0004969799016801592,[2.24719715 5.05323464],1.5566160334621826
327,0.0008867088509718698,[2.24689407 5.05217635],1.556072244958876
328,0.0006646952640060148,[2.24691532 5.0509886 ],1.555354841458464
329,0.0004274600097005482,[2.24642738 5.05038678],1.5551420977974246
330,0.0011021134550568577,[2.24665688 5.0486788 ],1.5543001847093394
331,0.0007127762295459616,[2.24614523 5.04877562],1.5541791414802089
332,0.0014564299834209315,[2.24554123 5.04688761],1.5533373930897072
333,0.0016913647233604118,[2.24529169 5.04589524],1.5528311833008066
334,0.0010419165825503402,[2.24553751 5.04584556],1.5525243499324386
335,0.0004992825552538338,[2.2458455  5.04543979],1.5523927319415602
336,0.00076497693669541,[2.24540357 5.04443733],1.5517061208878058
337,0.0013337546532280018,[2.24495803 5.04256062],1.5506625462531507
338,0.0015461576498220172,[2.24445487 5.04083408],1.5497283500395997
339,0.0015461576498220172,[2.24445487 5.04083408],1.5497283500395997
340,0.0011771314072464001,[2.24440309 5.0392748 ],1.5489113741380873
341,0.0011806109241761084,[2.24419726 5.03922995],1.5488156517890992
342,0.0007290470861808796,[2.24366287 5.03785395],1.54816489156396
343,0.0026195756317420552,[2.24344705 5.03747179],1.5481116621654616
344,0.0026195756317420552,[2.24344705 5.03747179],1.5481116621654616
345,0.008257310715204814,[2.24190877 5.02511109],1.5424463397851553
346,0.008257310715204814,[2.24190877 5.02511109],1.5424463397851553
347,0.0050920556187569474,[2.23769575 5.01263944],1.5347607012564723
348,0.007560955532447363,[2.23853911 5.01085257],1.533983314809939
349,0.007560955532447363,[2.23853911 5.01085257],1.533983314809939
350,0.0017526945502038187,[2.23773714 5.00857237],1.5321153011568733
351,0.0017526945502038187,[2.23773714 5.00857237],1.5321153011568733
352,0.0017526945502038187,[2.23773714 5.00857237],1.5321153011568733
353,0.0019408106003951735,[2.23663789 5.00669506],1.5309922118266117
354,0.0024022856526645453,[2.23622536 5.00521179],1.5302852807275944
355,0.004174398668098708,[2.23669345 5.00511788],1.5299490664130817
356,0.006208124688176052,[2.23543561 4.99739006],1.5263058815459707
357,0.006208124688176052,[2.23543561 4.99739006],1.5263058815459707
358,0.008798677365940406,[2.23191436 4.98443524],1.5185091102093675
359,0.006334229190853078,[2.2295489  4.97408956],1.5128153055624096
360,0.001990668732930453,[2.22993907 4.97293335],1.5127594287135187
361,0.003610172284094854,[2.22895335 4.96749802],1.5103803683302242
362,0.00826959248805111,[2.22602123 4.96170159],1.5073935601668114
363,0.002050102891113315,[2.22714047 4.96050231],1.505885807661703
364,0.0008756343041139972,[2.22610026 4.95927196],1.5047277920564632
365,0.0004354715123898599,[2.22584545 4.95853664],1.5044182096408787
366,0.0008368674431545024,[2.22635628 4.95765128],1.5040475407395784
367,0.0011874665778519654,[2.22598728 4.95621691],1.5031882227154636
368,0.0018023244530941509,[2.22496888 4.95406687],1.5018306476412147
369,0.00478917936713996,[2.2231504  4.93689513],1.4991247494703228
370,0.0033093989690769357,[2.22173477 4.93804147],1.493010688617787
371,0.0033093989690769357,[2.22173477 4.93804147],1.493010688617787
372,0.0033093989690769357,[2.22173477 4.93804147],1.493010688617787
373,0.0033093989690769357,[2.22173477 4.93804147],1.493010688617787
374,0.0033093989690769357,[2.22173477 4.93804147],1.493010688617787
375,0.010289441559370841,[2.22161916 4.93358935],1.4927543070981226
376,0.006740032140762419,[2.21878482 4.92538208],1.4860009726701495
377,0.006740032140762419,[2.21878482 4.92538208],1.4860009726701495
378,0.0034580540814420865,[2.21720876 4.92196996],1.485143701531635
379,0.001957076082683618,[2.21706327 4.91929738],1.4827857991632916
380,0.001284258092209861,[2.21695911 4.91649707],1.481242085216464
381,0.001284258092209861,[2.21695911 4.91649707],1.481242085216464
382,0.0025237355366639733,[2.21594925 4.91279813],1.4790928716688148
383,0.002794461930174845,[2.21494495 4.90776343],1.4764088884288324
384,0.002794461930174845,[2.21494495 4.90776343],1.4764088884288324
385,0.004041955771636378,[2.2124498  4.90048362],1.4731142141963114
386,0.003978869788531708,[2.21112632 4.89585543],1.4714181549003027
387,0.004092507231650111,[2.21154715 4.89108151],1.467848479568711
388,0.0029079666711487877,[2.21078096 4.88958349],1.4664030429091826
389,0.0014742675950591075,[2.21045986 4.88780719],1.4654934337577747
390,0.0009737825970026711,[2.20965969 4.88669269],1.464954900991811
391,0.0010947571602210112,[2.20981108 4.88274667],1.4636697100945935
392,0.0013941615588819443,[2.20926463 4.88247635],1.4625853820871204
393,0.0013941615588819443,[2.20926463 4.88247635],1.4625853820871204
394,0.0019441665425450041,[2.20895888 4.87990062],1.4615976718710342
395,0.0003460947627023625,[2.20881829 4.87991265],1.4613486509712326
396,0.000205979124453397,[2.20852999 4.87968614],1.4609779697377572
397,9.384321000030479e-05,[2.20853479 4.87962685],1.4609567140770356
398,0.00020014860552687182,[2.20844299 4.87949851],1.4608534173058028
399,0.0009489784213145843,[2.20859041 4.87849203],1.4607292760175088
400,0.0011784735783312902,[2.20819294 4.87747175],1.459913975324269
401,0.0018796486496231893,[2.2064215  4.87478808],1.4596677411880346
402,0.0024995825648781436,[2.20651065 4.87140001],1.4564027702897864
403,0.004137448986569281,[2.20493414 4.86637343],1.4540181930359457
404,0.0011951088216777665,[2.20538276 4.86592391],1.4534363553760101
405,0.0004969264813619412,[2.20532277 4.86531106],1.4531498850655102
406,0.00044333039088317975,[2.20489743 4.86446038],1.4526116990605096
407,0.00032028956707421215,[2.20506334 4.86378848],1.452397926469806
408,0.0007904584478476466,[2.20385863 4.8621975 ],1.4519844188867301
409,0.0006806707982843477,[2.20390746 4.86129369],1.4510623872830375
410,0.0003590723219647776,[2.20420908 4.86118439],1.4508200227165524
411,0.001187284599862606,[2.20394073 4.85876118],1.4496710868973328
412,0.0016045927487702192,[2.20372803 4.85744686],1.4490671806778315
413,0.003300095640821257,[2.20214138 4.85545224],1.4487746637782777
414,0.002241201708878246,[2.2027595  4.85230959],1.446632976545735
415,0.0035950282734624533,[2.20055878 4.84220097],1.4413480378456673
416,0.002551593312358329,[2.19976374 4.83990186],1.4395216390609036
417,0.0035068675211428163,[2.19961788 4.84025874],1.4394593920919174
418,0.0014841736614550202,[2.19928959 4.83776898],1.438375488835155
419,0.00021062071776549113,[2.19913052 4.83789761],1.4382107244995102
420,0.00041206615593202965,[2.19909793 4.83748621],1.4380474026087533
421,0.00029050097004838197,[2.19900144 4.837468  ],1.4379506655076228
422,0.00029664715369432607,[2.19897858 4.83730255],1.437872114476991
423,0.0006837315029208803,[2.19890379 4.83695394],1.4376857389806164
424,0.0004439984538250669,[2.19869512 4.83660147],1.4374181303858737
425,0.0002732942939047634,[2.19860827 4.83649405],1.4373459883760482
426,0.0005340138659295057,[2.1980271  4.83510388],1.4366983398326842
427,0.0021164762664238213,[2.19813548 4.8307277 ],1.435643536172592
428,0.0016121801301924546,[2.19698754 4.82862148],1.4331278212150114
429,0.0010346464933468243,[2.19670864 4.82781562],1.4326345008549888
430,0.0009023222384160967,[2.19664094 4.82719314],1.4323343765311198
431,0.0006674781362488254,[2.19602118 4.8260973 ],1.4317542354417518
432,0.0007771901530773123,[2.19645018 4.82563008],1.4316459688163727
433,0.0009724758902457043,[2.19630233 4.82469174],1.4312291033705928
434,0.0005522971523360966,[2.19564526 4.82454164],1.4309244327419597
435,0.0014122073534815617,[2.19492957 4.82294704],1.4305932563139487
436,0.001400459942004811,[2.1943286  4.82105335],1.4299912799684389
437,0.0009599937653762663,[2.19542768 4.81989079],1.429047353910412
438,0.001036593451041781,[2.19484628 4.81973422],1.428225992479736
439,0.001469328473938853,[2.19434088 4.81695595],1.4267828531303002
440,0.0008867745066708142,[2.19434948 4.81524957],1.4264713178278023
441,0.00038503031033883023,[2.19399146 4.81526855],1.4258945023828775
442,0.00022624299267796704,[2.19395718 4.81481064],1.4257193949349523
443,0.00024199266437130012,[2.19378534 4.81454301],1.4254652808471087
444,0.0005142208758247635,[2.19337446 4.81384043],1.4250122103473692
445,0.0004170783023191359,[2.19338603 4.81334855],1.4247492329366718
446,0.0007390032239031087,[2.193446   4.81159377],1.424328447600419
447,0.0004833800253914593,[2.19297147 4.81133732],1.4236708643239986
448,0.0012572054981027402,[2.19260019 4.81004314],1.4229442122033413
449,0.0029998935082252293,[2.19242619 4.80961764],1.4227125645357506
450,0.0029998935082252293,[2.19242619 4.80961764],1.4227125645357506
451,0.0024825363379041036,[2.19103522 4.80672657],1.4222751981076431
452,0.004014961099398967,[2.19019126 4.80251161],1.4196620226452425
453,0.005533541382886836,[2.18947476 4.80046269],1.4192897063172867
454,0.005533541382886836,[2.18947476 4.80046269],1.4192897063172867
455,0.005533541382886836,[2.18947476 4.80046269],1.4192897063172867
456,0.003929022192382116,[2.19115183 4.79985199],1.419010209088956
457,0.0012275013378179025,[2.19024495 4.7990492 ],1.4170350795784261
458,0.0012061372096804522,[2.19020645 4.79874739],1.4168952282343932
459,0.002141109049073098,[2.18981566 4.7960532 ],1.4157191519157484
460,0.002141109049073098,[2.18981566 4.7960532 ],1.4157191519157484
461,0.002982763846850753,[2.18856813 4.79154461],1.4129880297317043
462,0.001974355802197256,[2.18718561 4.78933011],1.4124890403347579
463,0.0016857862285932727,[2.18627349 4.78604488],1.4111549349011085
464,0.0014341209404848947,[2.18648436 4.7850686 ],1.4096415121777397
465,0.0014989821058138892,[2.18632563 4.78397529],1.4089331240803977
466,0.001273599296986124,[2.18671417 4.78401494],1.4088177214689959
467,0.00020382043943216496,[2.18649093 4.78394998],1.408789467166801
468,0.00020584173845961768,[2.18651945 4.78353198],1.4085384551924949
469,9.669936234605155e-05,[2.18650931 4.78335294],1.4084444226004358
470,0.00019206866835689142,[2.18655574 4.78319079],1.4083831504374351
471,0.00017433097114565355,[2.18650428 4.78295014],1.4082543012723585
472,0.0001680939012028191,[2.18632537 4.78271444],1.4080946268389045
473,8.39345358654629e-05,[2.18635779 4.78252907],1.4080058742387866
474,6.448082156765437e-05,[2.18621059 4.78251847],1.4079966000820687
475,8.528114927194103e-05,[2.18619193 4.78232284],1.4078851692724517
476,0.00013534018974562808,[2.18606928 4.78211804],1.4077966231090748
477,0.0001309984007230049,[2.18613493 4.78211395],1.407773399260817
478,0.00012727536624038672,[2.18614194 4.78194341],1.4076762621344256
479,0.0003877061358112343,[2.18629493 4.78139163],1.4075224948531235
480,0.0005900057758022301,[2.18614676 4.78120974],1.4073330446947296
481,0.0003752499457406219,[2.18574289 4.78080457],1.4070968177392538
482,0.0003752499457406219,[2.18574289 4.78080457],1.4070968177392538
483,0.0003838448283462569,[2.18563809 4.78022393],1.4067681362257072
484,0.0003614411862334848,[2.18590641 4.7794683 ],1.4065382282710104
485,0.0005845512617448792,[2.18557818 4.77902346],1.4061115831737419
486,0.00019694364281681685,[2.18572574 4.77857556],1.4060844263373704
487,0.00059851862786918,[2.18532582 4.77759739],1.405376947090935
488,0.0005342765325118008,[2.18499846 4.77733621],1.405193506805523
489,0.0005337906367171263,[2.18471514 4.77659837],1.4048590517389563
490,0.0002005105150388361,[2.18474592 4.77627979],1.404624650829097
491,0.00013996784015727948,[2.18489998 4.77609554],1.4045204725035427
492,0.00022698145545624709,[2.18486836 4.77600462],1.4044675724189082
493,0.0005524084207187929,[2.18474134 4.77589123],1.404394090313978
494,0.0005197097390308639,[2.18426872 4.77432851],1.403580523582452
495,0.000635532675650968,[2.18430828 4.77375185],1.4032359393858473
496,0.000635532675650968,[2.18430828 4.77375185],1.4032359393858473
497,0.0008317295609675378,[2.18417035 4.77315515],1.402912233909505
498,0.0012105537507873894,[2.18406928 4.77161619],1.4022325146170822
499,0.0012105537507873894,[2.18406928 4.77161619],1.4022325146170822
500,0.0011748851515523025,[2.18333738 4.77068212],1.4016711927963716
501,0.001093836074002348,[2.18373627 4.76976768],1.4013446766020194
502,0.004098424596757786,[2.18340182 4.76892695],1.4007232606982813
503,0.005301986868415299,[2.18249443 4.76346   ],1.3982962383720832
504,0.005396862458703331,[2.18207529 4.76053221],1.397386685610328
505,0.005396862458703331,[2.18207529 4.76053221],1.397386685610328
506,0.001483536954679376,[2.18094864 4.75959301],1.3955736262944538
507,0.001483536954679376,[2.18094864 4.75959301],1.3955736262944538
508,0.0012289869230584173,[2.18062596 4.75741986],1.3944022001219298
509,0.00020499144544137038,[2.18054142 4.75740277],1.3943760014529558
510,0.0002927715282066634,[2.18056294 4.75694437],1.3941655149262415
511,0.0001734245082687845,[2.18049394 4.75689653],1.394114771699395
512,0.00022284117089111763,[2.18018518 4.7565782 ],1.3939732751897889
513,0.00037098455366399625,[2.18025216 4.75641222],1.3938435631579644
514,0.0007923220569494465,[2.17944887 4.75484418],1.393448786433397
515,0.000854500223606113,[2.17940543 4.75381612],1.3926036511352058
516,0.0026105774224060756,[2.17954906 4.75223892],1.3916617215063563
517,0.0026105774224060756,[2.17954906 4.75223892],1.3916617215063563
518,0.0026105774224060756,[2.17954906 4.75223892],1.3916617215063563
519,0.0026105774224060756,[2.17954906 4.75223892],1.3916617215063563
520,0.0005380075734227362,[2.1792709  4.75145362],1.3911780214390563
521,0.0004593147677379696,[2.17915752 4.75138948],1.3911210719452403
522,0.000574419191205374,[2.17830477 4.75020754],1.3911018264451984
523,0.0013171081552317255,[2.17885556 4.74874377],1.389877917528407
524,0.0009164432373959076,[2.17869802 4.74886782],1.3897881615562069
525,0.0008636283332403475,[2.17800356 4.74782687],1.389395900876854
526,0.0013570108416091425,[2.17830027 4.7474172 ],1.3889796558199783
527,0.0011323671103566826,[2.17779585 4.74628526],1.3884214159777073
528,0.0014668351999536857,[2.17823402 4.74445616],1.3882415308849425
529,0.001009875909891299,[2.17792981 4.74366938],1.3875271112973504
530,0.001284153615975006,[2.17738285 4.74167439],1.386276387189934
531,0.0005832326885601565,[2.176557   4.74083681],1.3854672796352474
532,0.001505754344743349,[2.17680048 4.73928482],1.3849273395286847
533,0.0005308678107320403,[2.17624236 4.7391125 ],1.384495768954932
534,0.0010107148286145698,[2.17656462 4.73680103],1.3843443258009371
535,0.003097765496869663,[2.17520713 4.73552711],1.3827126350615022
536,0.003097765496869663,[2.17520713 4.73552711],1.3827126350615022
537,0.003097765496869663,[2.17520713 4.73552711],1.3827126350615022
538,0.0016102837407032603,[2.1752938  4.73407857],1.381788775242985
539,0.0015744911429251523,[2.17448914 4.73278855],1.3813480264600368
540,0.001301281525165759,[2.17503645 4.73058194],1.3807147124848083
541,0.0005804629836561557,[2.17467601 4.73030111],1.3799815335092154
542,0.0010035473369752164,[2.17444576 4.72853199],1.3793329274239725
543,0.0010742309609434826,[2.17420755 4.72787339],1.3788116617955903
544,0.0005902200472517245,[2.17341135 4.72788521],1.3786316777054062
545,0.0024691288021360864,[2.17315734 4.72639406],1.3777279198531853
546,0.002262535167381805,[2.17315262 4.72095173],1.3765562197477
547,0.0013448142186458117,[2.17252261 4.72189107],1.37522403393566
548,0.0014214501698382842,[2.17212242 4.71974886],1.3741376569331123
549,0.0014214501698382842,[2.17212242 4.71974886],1.3741376569331123
550,0.0008402931892883711,[2.17152416 4.71843028],1.373317472632508
551,0.0007296307494534254,[2.17127538 4.71734721],1.3727330772921522
552,0.00044052642507232733,[2.17115472 4.71669241],1.3723759924252563
553,0.0004172375099724693,[2.17086859 4.71629676],1.3722482793946478
554,0.00021496445042352245,[2.17087679 4.71598906],1.372030281894752
555,0.0004259889041326155,[2.1709504  4.71552129],1.371747664511736
556,0.0008195292029252742,[2.17057484 4.71444371],1.3711748380120858
557,0.000600055302469324,[2.17000934 4.71326737],1.3707940025372516
558,0.0011918715810551347,[2.16997891 4.71217492],1.3699839486284862
559,0.001639406476142633,[2.16986919 4.70912085],1.3686561062422917
560,0.001639406476142633,[2.16986919 4.70912085],1.3686561062422917
561,0.001639406476142633,[2.16986919 4.70912085],1.3686561062422917
562,0.0013517038765181468,[2.16950933 4.70919765],1.368341068156961
563,0.0008291946369326809,[2.16963798 4.70894391],1.3683138128679966
564,0.00119481611555962,[2.16911368 4.70859033],1.3680772532861516
565,0.00119481611555962,[2.16911368 4.70859033],1.3680772532861516
566,0.0020941879593945156,[2.16753246 4.70372591],1.3661889664561513
567,0.002473631909627999,[2.16707033 4.70011215],1.3635884948349442
568,0.004044527718878237,[2.16694261 4.69661606],1.3618502734248823
569,0.010048317760254633,[2.16402931 4.68312066],1.3549651928017672
570,0.010048317760254633,[2.16402931 4.68312066],1.3549651928017672
571,0.010048317760254633,[2.16402931 4.68312066],1.3549651928017672
572,0.004868739541106298,[2.16182058 4.67370651],1.3498327333922473
573,0.0016151608872962322,[2.16104169 4.67239423],1.3485436101477812
574,0.00036449808812235966,[2.16082789 4.67209205],1.348371041794949
575,0.00017115001305923348,[2.16072282 4.67178636],1.348215815323865
576,0.0004843871114226494,[2.16085179 4.67169757],1.3481611221747902
577,0.0005173939056391882,[2.16060394 4.67088137],1.3477154531328623
578,0.00030598198702853674,[2.16036745 4.67073595],1.3477117597523869
579,0.0011597104935637322,[2.1601713 4.6680397],1.34628632543314
580,0.001296640228448474,[2.15956949 4.66570868],1.344988823178138
581,0.0016891460250579747,[2.15926717 4.66456132],1.3443526215972612
582,0.0010244198229368267,[2.15898823 4.66308284],1.3435969519854742
583,0.0020651675637202637,[2.15815877 4.66097579],1.3424383030501956
584,0.0020651675637202637,[2.15815877 4.66097579],1.3424383030501956
585,0.0041936657219160895,[2.15734091 4.65681584],1.3401648438235314
586,0.0029988557952983323,[2.15626501 4.65506476],1.3400690820444965
587,0.001233713811654723,[2.15686492 4.65406517],1.3387359945988222
588,0.00199186194685465,[2.15618186 4.6519264 ],1.3375439615869018
589,0.0017832125907191261,[2.15649239 4.65094555],1.3374982747103923
590,0.0017832125907191261,[2.15649239 4.65094555],1.3374982747103923
591,0.0027681468733290917,[2.15550141 4.650254  ],1.3368381012292165
592,0.0010309135660852954,[2.15599226 4.65019632],1.3366767140625155
593,0.0010309135660852954,[2.15599226 4.65019632],1.3366767140625155
594,0.0013768812147841201,[2.15588409 4.64917671],1.3362477249243359
595,0.0021874078259053096,[2.155649   4.64860108],1.335840907354982
596,0.0021874078259053096,[2.155649   4.64860108],1.335840907354982
597,0.002903441257732038,[2.1546508  4.64494541],1.3338066966236182
598,0.002903441257732038,[2.1546508  4.64494541],1.3338066966236182
599,0.002903441257732038,[2.1546508  4.64494541],1.3338066966236182
600,0.0020919281216288405,[2.15415644 4.64422397],1.3335470439146617
601,0.0020919281216288405,[2.15415644 4.64422397],1.3335470439146617
602,0.0020919281216288405,[2.15415644 4.64422397],1.3335470439146617
603,0.0006097688348354776,[2.15379664 4.64344252],1.3333650359414468
604,0.0006097688348354776,[2.15379664 4.64344252],1.3333650359414468
605,0.00017108101336853424,[2.15398659 4.64330141],1.333012325025916
606,7.748471760190436e-05,[2.15398211 4.64328959],1.3330074471794309
607,9.11414828756722e-05,[2.15403842 4.64321097],1.3329132008241287
608,5.0039708983617264e-05,[2.15402193 4.64315909],1.3328879348476623
609,7.138266606388074e-05,[2.15411913 4.64313408],1.3328347814573005
610,3.091525584364532e-05,[2.15411826 4.64307555],1.3328012479503561
611,5.169182776448549e-05,[2.15412568 4.64303688],1.3327786094907563
612,2.4784623043702607e-05,[2.15416257 4.64300912],1.3327634674339546
613,2.74052724903918e-05,[2.15417005 4.64299277],1.332755783844362
614,6.548638688322435e-05,[2.15409853 4.64294208],1.3327283156550804
615,3.556385534198134e-05,[2.15411693 4.642909  ],1.3327090931281984
616,4.748055376234184e-05,[2.15407263 4.64288167],1.332697469339813
617,4.691731067971325e-05,[2.15407872 4.64286847],1.3326891788961215
618,4.244338599783408e-05,[2.15407328 4.64281795],1.3326614566007202
619,6.421386256048758e-05,[2.15406929 4.642779  ],1.3326401690558358
620,5.230416051737191e-05,[2.15406477 4.64267947],1.332586114676271
621,0.00016548976888106616,[2.15409293 4.64248463],1.3324913643464602
622,0.00016357085997449315,[2.15398673 4.64223557],1.3323493292486768
623,0.0001450811682692082,[2.15386826 4.6419097 ],1.3321743956157708
624,0.0001625248814329077,[2.15383125 4.64168263],1.3320520886630831
625,0.0002313918820469602,[2.15373843 4.64150864],1.331964665897519
626,0.0009483695202385925,[2.15395528 4.64064519],1.3317386386305594
627,0.00045963922213726347,[2.15387486 4.64040724],1.33157856924533
628,0.0004947723852666039,[2.15368946 4.63994717],1.3312455108124837
629,0.0009001255484253881,[2.15331438 4.63860192],1.3304722847212938
630,0.0028236730672380433,[2.15295918 4.63428826],1.3294041739169915
631,0.0032664684781555423,[2.15187954 4.63021471],1.3268402398973413
632,0.001920443284721017,[2.15079732 4.62985285],1.3258740416790398
633,0.0019233950175731864,[2.15034473 4.62864524],1.3254671537478873
634,0.001251872182523249,[2.14996264 4.62683371],1.3244339885340763
635,0.0008503424110322746,[2.14992923 4.6260328 ],1.3238095763241013
636,0.0009742763861683452,[2.15041437 4.62533455],1.3235640160549678
637,0.0020536039757751367,[2.14892215 4.62269514],1.3223537702221417
638,0.011586474234617661,[2.14266774 4.60082982],1.3153029152061766
639,0.04344161222583287,[2.13567507 4.54717069],1.3091826795579673
640,0.04344161222583287,[2.13567507 4.54717069],1.3091826795579673
641,0.009925597646583042,[2.13360141 4.54819264],1.2867024249126289
642,0.01887432147584594,[2.12938266 4.53648978],1.2759977047939284
643,0.01887432147584594,[2.12938266 4.53648978],1.2759977047939284
644,0.016591482803044465,[2.12640681 4.52507038],1.269992549879481
645,0.016591482803044465,[2.12640681 4.52507038],1.269992549879481
646,0.016591482803044465,[2.12640681 4.52507038],1.269992549879481
647,0.034133063048945575,[2.12291315 4.50729091],1.2609620983946397
648,0.034133063048945575,[2.12291315 4.50729091],1.2609620983946397
649,0.034133063048945575,[2.12291315 4.50729091],1.2609620983946397
650,0.031801244115322085,[2.12127644 4.50184074],1.2576717304695817
651,0.031801244115322085,[2.12127644 4.50184074],1.2576717304695817
652,0.031801244115322085,[2.12127644 4.50184074],1.2576717304695817
653,0.031801244115322085,[2.12127644 4.50184074],1.2576717304695817
654,0.031801244115322085,[2.12127644 4.50184074],1.2576717304695817
655,0.023896215460166962,[2.11931544 4.49533403],1.254338622389358
656,0.023896215460166962,[2.11931544 4.49533403],1.254338622389358
657,0.03959287384026825,[2.1007789  4.41905101],1.215053909576317
658,0.03959287384026825,[2.1007789  4.41905101],1.215053909576317
659,0.03959287384026825,[2.1007789  4.41905101],1.215053909576317
660,0.07380197853288681,[2.05947476 4.23972707],1.1227789030370814
661,0.01798548504365211,[2.05740016 4.22913699],1.119507677117844
662,0.01798548504365211,[2.05740016 4.22913699],1.119507677117844
663,0.014330449508230755,[2.0560449  4.22240553],1.117646657485332
664,0.014330449508230755,[2.0560449  4.22240553],1.117646657485332
665,0.014330449508230755,[2.0560449  4.22240553],1.117646657485332
666,0.012641029829651294,[2.0559028  4.22265179],1.1165990620456532
667,0.0037948157758132236,[2.05536398 4.22545949],1.1138811888843827
668,0.0037948157758132236,[2.05536398 4.22545949],1.1138811888843827
669,0.0037948157758132236,[2.05536398 4.22545949],1.1138811888843827
670,0.0013385169865522911,[2.05480747 4.22385286],1.1128809551301102
671,0.0007599896468813246,[2.05402136 4.22284871],1.1124393968837003
672,0.0005563796593552022,[2.05365359 4.22144872],1.11175060901031
673,0.00021996303532227475,[2.05367694 4.22135892],1.111656341806739
674,0.0004383983123715897,[2.05391442 4.22094348],1.1113015838911993
675,0.0011388876065830352,[2.05240387 4.21813098],1.1108824198523728
676,0.0008445561748547381,[2.05317462 4.21687662],1.1093591961817064
677,0.00027577577416741927,[2.05299626 4.21696784],1.109273834387621
678,0.00027577577416741927,[2.05299626 4.21696784],1.109273834387621
679,0.00022784152796398064,[2.0528161 4.2167167],1.1091307677984106
680,0.00010631848121609649,[2.05280797 4.21666836],1.109105705422845
681,0.00030011147355413085,[2.05288172 4.2163047 ],1.108952487050375
682,0.00029786410453942535,[2.05285643 4.21557229],1.1086896568340916
683,0.0010452014457072588,[2.05263377 4.21450274],1.1081812149402979
684,0.0012035235170707516,[2.05154635 4.21207193],1.106792698634886
685,0.0004623262458463633,[2.05167003 4.21155093],1.106494301975408
686,0.0007409134643141927,[2.05179648 4.21076442],1.1063560432314647
687,0.001694366927562467,[2.05017589 4.20887435],1.106065227819374
688,0.003022315929481122,[2.05077544 4.20404673],1.1043957566227913
689,0.0011888016092750449,[2.05018493 4.20319931],1.1028887340712787
690,0.001095567365100581,[2.04948436 4.2034308 ],1.1023444179619728
691,0.0019271000741752538,[2.04874986 4.20092697],1.1011372201161906
692,0.0013583610126723662,[2.04866333 4.2000633 ],1.1006200678190987
693,0.002154516948033168,[2.04765755 4.19568033],1.098358563741825
694,0.004058606628043795,[2.04765297 4.19058845],1.0981030789978339
695,0.006500900126171624,[2.04607703 4.1902214 ],1.095713705811644
696,0.005992691112631527,[2.04554318 4.1845073 ],1.0931673163407003
697,0.020463900247768993,[2.03688189 4.14605946],1.0759240357063689
698,0.020463900247768993,[2.03688189 4.14605946],1.0759240357063689
699,0.020463900247768993,[2.03688189 4.14605946],1.0759240357063689
700,0.020463900247768993,[2.03688189 4.14605946],1.0759240357063689
701,0.020463900247768993,[2.03688189 4.14605946],1.0759240357063689
702,0.020463900247768993,[2.03688189 4.14605946],1.0759240357063689
703,0.00944827734131189,[2.03293064 4.12988087],1.0678019031599717
704,0.003444385987537199,[2.03083797 4.12742755],1.0636032873020351
705,0.00828124969073368,[2.03068843 4.12414088],1.062338476617315
706,0.00828124969073368,[2.03068843 4.12414088],1.062338476617315
707,0.00828124969073368,[2.03068843 4.12414088],1.062338476617315
708,0.00677508855778595,[2.02609434 4.10904801],1.0544613952574873
709,0.00677508855778595,[2.02609434 4.10904801],1.0544613952574873
710,0.003219958051056653,[2.02449678 4.10280789],1.0513750631936631
711,0.0033520050907171767,[2.02215661 4.09272107],1.0461028136218082
712,0.002760211442426722,[2.02116202 4.0889898 ],1.0442881064099785
713,0.0028295868006304493,[2.02159905 4.0851447 ],1.0439597767031612
714,0.0011099867749340398,[2.01981227 4.08532342],1.0432453626698812
715,0.0014738989988379383,[2.02101464 4.08225404],1.0429753951596596
716,0.0007535358307190845,[2.01980601 4.08213636],1.0406393569251082
717,0.0005217681211002012,[2.01935903 4.08136795],1.0403580951772244
718,0.0008699696400540818,[2.01887413 4.07931974],1.0393064952294664
719,0.0006070693025628984,[2.01860644 4.07843843],1.0389033800703926
720,0.0006070693025628984,[2.01860644 4.07843843],1.0389033800703926
721,0.0007661905231291928,[2.01884995 4.07820128],1.038653589890882
722,0.0018465615976437147,[2.0187963  4.07594681],1.03796257828948
723,0.0018465615976437147,[2.0187963  4.07594681],1.03796257828948
724,0.0010843232491873306,[2.01851755 4.07499182],1.0374114947817834
725,0.0016660461511937028,[2.0169578  4.07274533],1.0363436712187784
726,0.003264620756202295,[2.01653578 4.06900246],1.034013685481045
727,0.01247842563189827,[2.01155455 4.05556641],1.031733657159493
728,0.01247842563189827,[2.01155455 4.05556641],1.031733657159493
729,0.013490236050011099,[2.01499989 4.06336219],1.0312092496803742
730,0.005364490725016194,[2.01483899 4.05677946],1.0306803249158216
731,0.005744868603669504,[2.01175731 4.04390551],1.0247169091153168
732,0.003892339129589617,[2.01092967 4.0433854 ],1.0219992845033703
733,0.0020162399782032896,[2.01011241 4.04192128],1.0205146023694376
734,0.004875134329825892,[2.00857793 4.03807786],1.0185929381946015
735,0.004875134329825892,[2.00857793 4.03807786],1.0185929381946015
736,0.004875134329825892,[2.00857793 4.03807786],1.0185929381946015
737,0.004875134329825892,[2.00857793 4.03807786],1.0185929381946015
738,0.004875134329825892,[2.00857793 4.03807786],1.0185929381946015
739,0.005219754949193287,[2.00399827 4.01913614],1.0089903822630626
740,0.005219754949193287,[2.00399827 4.01913614],1.0089903822630626
741,0.006248829539927463,[2.00215734 4.01370188],1.0068876555740114
742,0.006248829539927463,[2.00215734 4.01370188],1.0068876555740114
743,0.017319020156402725,[2.00271891 4.00765738],1.0064856974456124
744,0.005352778096167128,[2.00002143 4.00592102],1.0034479246107968
745,0.0019035678228051442,[1.99983657 4.00429191],1.0021190696478142
746,0.0019035678228051442,[1.99983657 4.00429191],1.0021190696478142
747,0.003982948683007878,[2.0004684  4.00029362],1.0011867145495978
748,0.0037680403938172625,[1.99910164 4.00062758],0.9999851023177254
749,0.0006807512029056592,[1.99920837 3.99942897],0.9990906993227207
750,0.00015160155383701283,[1.99917657 3.99923585],0.9989933499067765
751,0.0002134224970996209,[1.99933392 3.99888503],0.9989081951537492
752,0.00036855670480664986,[1.9991627  3.99815498],0.9985521453002942
753,0.00036855670480664986,[1.9991627  3.99815498],0.9985521453002942
754,0.0005338018918671032,[1.99887776 3.99782414],0.9982912410349534
755,0.0005338018918671032,[1.99887776 3.99782414],0.9982912410349534
756,0.0004442593826834429,[1.998634   3.99733809],0.9980539929420541
757,0.0006626364781772158,[1.99836985 3.99685055],0.9978770322448604
758,0.0004954340048859537,[1.99796262 3.99581081],0.9974945330345958
759,0.00047533530192979596,[1.99823838 3.9956728 ],0.9972176224858201
760,0.00041739463392023604,[1.99823323 3.99526403],0.9970115349207946
761,0.00042908555400902095,[1.99833648 3.9946923 ],0.9968562598210652
762,0.00024510793038912376,[1.99795134 3.99463265],0.9967038620407447
763,0.00010232435049933648,[1.99800728 3.99449967],0.9966269302796321
764,0.00012511146846546365,[1.99810103 3.99434589],0.9965813148307356
765,0.00010476584963638094,[1.99812026 3.99419869],0.9965378749355701
766,5.900138413927961e-05,[1.99804644 3.99421807],0.9965081736348351
767,0.00011068694208284472,[1.99796196 3.99416777],0.9964643555048196
768,2.975749744414411e-05,[1.99790633 3.99411401],0.9964342190569307
769,2.6782225669909275e-05,[1.99787107 3.99404494],0.9964000494163072
770,4.228237823511265e-05,[1.99788532 3.99403125],0.9963928815286905
771,9.15325622380471e-05,[1.99781818 3.99392775],0.9963435147063172
772,6.78120313532007e-05,[1.99792846 3.99383619],0.9963098281305826
773,0.00014257909111173742,[1.99779759 3.9936229 ],0.9961893991983737
774,0.00014247061227546734,[1.9977889  3.99348785],0.9961243503220673
775,0.0003160425204849275,[1.99779589 3.99314541],0.995979617314003
776,0.0003408441698639659,[1.99785931 3.99283948],0.9959185457121161
777,0.002262813502921511,[1.99713325 3.99152651],0.9951659107839614
778,0.0024574011842470665,[1.99679151 3.98641077],0.9936519308455855
779,0.0027501704692495066,[1.99605933 3.98276828],0.9923545964321614
780,0.0018794804195622064,[1.99513955 3.98251327],0.9906757730306494
781,0.0018794804195622064,[1.99513955 3.98251327],0.9906757730306494
782,0.0011181424639211813,[1.99393176 3.98086515],0.9905026520023267
783,0.0006301541940836675,[1.9944997  3.98041569],0.9895992568994575
784,0.0009511427409813894,[1.99445272 3.98020236],0.9894935065613428
785,0.0007150756741994562,[1.99381377 3.97939019],0.9893442239019301
786,0.000988384642954417,[1.99359365 3.97668786],0.9877446386217996
787,0.001572379158807562,[1.99320561 3.97546526],0.9871316443050104
788,0.0012913905434938744,[1.99304469 3.97485559],0.9868286312731348
789,0.0014847334001623388,[1.99241313 3.97355502],0.9863621787521666
790,0.0014847334001623388,[1.99241313 3.97355502],0.9863621787521666
791,0.0027697749628274723,[1.99229532 3.97053359],0.9848171713278635
792,0.0027697749628274723,[1.99229532 3.97053359],0.9848171713278635
793,0.0027697749628274723,[1.99229532 3.97053359],0.9848171713278635
794,0.00579390311125214,[1.99156834 3.96938285],0.9841309614969084
795,0.0012578494865764466,[1.99098986 3.96756412],0.9833023992218245
796,0.0012578494865764466,[1.99098986 3.96756412],0.9833023992218245
797,0.0010510013072121762,[1.99115408 3.9662877 ],0.9826402177479633
798,0.0019248353653185802,[1.98978018 3.96338256],0.9813931948804436
799,0.0010452665562974224,[1.98948295 3.9616648 ],0.9803886819556508
800,0.0009041789239521735,[1.98956206 3.96075419],0.9798076297669313
801,0.0007698003866830028,[1.98970744 3.96009911],0.979656171143181
802,0.0007698003866830028,[1.98970744 3.96009911],0.979656171143181
803,0.00039585735600043123,[1.98924554 3.96019844],0.9795681213776943
804,0.00016855026426179618,[1.98944798 3.96011318],0.9794956757692912
805,0.00011212824198403874,[1.98929163 3.95991872],0.9793935838490702
806,9.752446116172867e-05,[1.98926832 3.9598128 ],0.9793405312350864
807,0.00017261206791109154,[1.98922075 3.95966639],0.9792690859469845
808,9.27300034798233e-05,[1.98932997 3.95953375],0.979214800988312
809,6.064597497799635e-05,[1.98925746 3.95943247],0.9791534626532742
810,7.928571949270323e-05,[1.98920907 3.95931087],0.9790906712933919
811,7.562273205299688e-05,[1.98913884 3.95925922],0.9790643281502015
812,6.613145698452561e-05,[1.98921029 3.95914053],0.9790135259671324
813,5.128970696726655e-05,[1.98923669 3.95898629],0.9789592836366744
814,0.00018863290964391146,[1.98926371 3.95890989],0.9789453685616978
815,0.00027207102457382505,[1.98909999 3.9588817 ],0.9788771324240024
816,0.00016920954329077443,[1.98913412 3.95869787],0.9788038237931698
817,0.00015587433374829413,[1.98896879 3.95850679],0.978689250728316
818,0.0008233542242993298,[1.98885856 3.95723922],0.978123774949467
819,0.0008233542242993298,[1.98885856 3.95723922],0.978123774949467
820,0.0008587534858815716,[1.9885638  3.95652098],0.9777142046296697
821,0.0017604190762956164,[1.98869093 3.95424227],0.9775519318732125
822,0.004760063719447919,[1.98760079 3.95141645],0.9754292082922784
823,0.004760063719447919,[1.98760079 3.95141645],0.9754292082922784
824,0.004760063719447919,[1.98760079 3.95141645],0.9754292082922784
825,0.0019246422745544318,[1.98635944 3.95035057],0.975139152241877
826,0.0009141416622662333,[1.98676375 3.94985734],0.974392886198253
827,0.001672721887008542,[1.98682482 3.94844898],0.9739185107506112
828,0.001672721887008542,[1.98682482 3.94844898],0.9739185107506112
829,0.0004438012362286716,[1.98634868 3.9483747 ],0.9736641496961207
830,0.002640264577668,[1.98615369 3.94741098],0.9731774417727156
831,0.0034281171643144987,[1.98565593 3.94662088],0.9729550947556507
832,0.0034281171643144987,[1.98565593 3.94662088],0.9729550947556507
833,0.0034281171643144987,[1.98565593 3.94662088],0.9729550947556507
834,0.003272980682505349,[1.98474324 3.93937919],0.9697222614607492
835,0.002909280718592985,[1.98163125 3.93361607],0.9681611027139091
836,0.0024469341423876026,[1.98155626 3.9315024 ],0.9658902688318486
837,0.0015451956306427878,[1.98225645 3.93015256],0.9648936514440042
838,0.0013643615026316337,[1.98148532 3.92995462],0.964660719210087
839,0.0027423015188091124,[1.98154659 3.92720389],0.9634795410899148
840,0.0027423015188091124,[1.98154659 3.92720389],0.9634795410899148
841,0.0027423015188091124,[1.98154659 3.92720389],0.9634795410899148
842,0.004337024783216271,[1.97916844 3.92193967],0.9611056083980527
843,0.004414742353132249,[1.97736913 3.91355589],0.9565229174407838
844,0.004414742353132249,[1.97736913 3.91355589],0.9565229174407838
845,0.004414742353132249,[1.97736913 3.91355589],0.9565229174407838
846,0.00896737547313991,[1.97571129 3.90223714],0.9521560357053784
847,0.0036352422228458536,[1.97513379 3.90366679],0.9515175783203232
848,0.0036352422228458536,[1.97513379 3.90366679],0.9515175783203232
849,0.0011063765000296896,[1.97465575 3.90291917],0.9512888881469412
850,0.00029910843121266185,[1.97462196 3.9022101 ],0.9508355030660867
851,0.0002103407902940289,[1.97478527 3.9017681 ],0.9506028228178676
852,0.00028599134177836075,[1.97444975 3.90149285],0.9504771060002103
853,0.0009177709372509988,[1.97395709 3.90049387],0.9501822514034028
854,0.0011027532772462192,[1.97423606 3.90001431],0.9497149245462448
855,0.0015671530640866962,[1.97379921 3.89685694],0.9483796962383467
856,0.0015671530640866962,[1.97379921 3.89685694],0.9483796962383467
857,0.0009587605443585418,[1.97307087 3.8961951 ],0.9478822545418755
858,0.0004429993720111826,[1.97318354 3.89602554],0.9477478555542921
859,0.0008030426748361451,[1.97293125 3.8948961 ],0.9471897861341412
860,0.00034033610642483515,[1.97290287 3.89470027],0.9470943766165936
861,0.00019848589013222133,[1.97256739 3.89430092],0.946962387510165
862,9.586940944098552e-05,[1.9727011  3.89433112],0.9469210987528941
863,8.041841331574662e-05,[1.97264622 3.89416066],0.9468401757992154
864,5.953108344789552e-05,[1.97262667 3.89405505],0.9467861164884076
865,3.2143458858956366e-05,[1.97265153 3.89400433],0.9467533919245266
866,3.518598238450065e-05,[1.97265214 3.8939749 ],0.9467378069791099
867,6.017540130202287e-05,[1.9726404  3.89383613],0.9466674037268696
868,0.0002406833680082545,[1.97282588 3.89362188],0.946639811008208
869,0.0005387946362053909,[1.97257267 3.89337186],0.9464399866242481
870,0.00043463161937861653,[1.97268387 3.89267175],0.9462555458474418
871,0.00040509500548438596,[1.97210732 3.89224183],0.9459134938248691
872,0.0001885385618013539,[1.97231685 3.89204722],0.9458054616364359
873,0.00015100143554800887,[1.9722715  3.89182992],0.9457019550153738
874,0.0001879196427895899,[1.97236664 3.89133742],0.9456194795163895
875,0.0003315181708286986,[1.97202976 3.89098238],0.9452749120569875
876,0.00041641302870587483,[1.97192874 3.89086336],0.9452026268203708
877,0.0003677072598718669,[1.97194071 3.89054018],0.9450647591408429
878,0.0013428145798916645,[1.97121932 3.88940516],0.9446356336260214
879,0.0013428145798916645,[1.97121932 3.88940516],0.9446356336260214
880,0.00042283876157549514,[1.97142514 3.88901722],0.9442918733520904
881,0.00023359006987903557,[1.97140618 3.8887805 ],0.9441766704714648
882,0.0002815023799298466,[1.97103147 3.88803575],0.9438450305642463
883,0.0002499941708431638,[1.97107913 3.88758169],0.9435845599666693
884,0.0003962333078109141,[1.97093226 3.8867514 ],0.9431835734611119
885,0.0007265446997282371,[1.97067255 3.88566907],0.9426541191286237
886,0.0006612697117837502,[1.97057057 3.88552431],0.9425717388342014
887,0.00032671890479554674,[1.97068317 3.88506793],0.9424436083959746
888,0.00030859880677472704,[1.97020898 3.88476023],0.9422276878500508
889,0.000367368027411207,[1.96994993 3.88378336],0.9417518988068581
890,0.0003885469485754738,[1.96997358 3.88327542],0.941463545632704
891,0.00025465251542920416,[1.9700314  3.88294134],0.9413286425612448
892,0.0002555338581778285,[1.96994026 3.8829876 ],0.94132372917985
893,0.00018738986399227382,[1.97004893 3.88278812],0.9412823402738356
894,9.838651918917912e-05,[1.97004238 3.88256947],0.9412079638424435
895,8.674966306251722e-05,[1.96994255 3.88245503],0.9411058821243411
896,0.00016909589830997027,[1.96986832 3.88215375],0.9409587498155579
897,0.00023934050056163714,[1.96961804 3.88177019],0.9407231897237899
898,0.0003057635286587589,[1.96935629 3.88099786],0.9403452332090524
899,0.0005342230072507971,[1.96889621 3.88008804],0.9400100251272171
900,0.0006873671906068546,[1.96912632 3.87914707],0.9394909630276752
901,0.0010977559608496704,[1.968453   3.87826749],0.9390985711317567
902,0.001492746479943712,[1.96805632 3.87628533],0.9380569881253381
903,0.0017645788110240428,[1.96820323 3.87557072],0.937722614245201
904,0.001150926462659965,[1.96810936 3.87339998],0.9372360315460841
905,0.001676244946846514,[1.96731464 3.872994  ],0.9364089605053036
906,0.002357395976131056,[1.96653115 3.86811721],0.9342585789968009
907,0.0017267302482693791,[1.96598027 3.86582306],0.9331733362267934
908,0.0017267302482693791,[1.96598027 3.86582306],0.9331733362267934
909,0.0018920939170838178,[1.96478107 3.86461291],0.9326072898024871
910,0.0014841434832620567,[1.96515666 3.86373377],0.9318857491774705
911,0.0014841434832620567,[1.96515666 3.86373377],0.9318857491774705
912,0.0006178060516474669,[1.96471971 3.86257165],0.9312834436414881
913,0.0011045496957773277,[1.96414819 3.86097019],0.9305378258722979
914,0.0011045496957773277,[1.96414819 3.86097019],0.9305378258722979
915,0.001388963934944922,[1.96417352 3.85990709],0.9300028643207713
916,0.0009975227733318018,[1.96354208 3.85706342],0.9286585528940227
917,0.0010221458509190233,[1.96297715 3.85573721],0.9279291280182164
918,0.0006657906490601993,[1.96290188 3.85548113],0.9278037034687682
919,0.0007935438432637627,[1.96282582 3.85457694],0.9273914297463698
920,0.0005786160823068445,[1.96257919 3.85446135],0.9273118029282404
921,0.0002283134498146779,[1.9624082  3.85423362],0.9272456718831339
922,0.0002002097454040843,[1.96248988 3.8539704 ],0.9270647838791958
923,0.00032056157972839064,[1.96223309 3.85347641],0.926864531646843
924,0.0010292498113158295,[1.96168005 3.85209868],0.9263573765362232
925,0.0009583114836823242,[1.96148477 3.85098358],0.9257210906336922
926,0.0015566572213701313,[1.96043838 3.84872638],0.9253662497612801
927,0.0022554513492206987,[1.95885963 3.84450967],0.9248561808801911
928,0.0008472940823792661,[1.95943453 3.84427635],0.9229084370162074
929,0.0005313862105797848,[1.95943994 3.84415976],0.9227858933441311
930,0.0003185474759314328,[1.95974109 3.84384812],0.9221676634446673
931,0.0007527129382426031,[1.95985941 3.84356728],0.9219643080292851
932,0.0007527129382426031,[1.95985941 3.84356728],0.9219643080292851
933,0.0005726400290591509,[1.95964363 3.84308152],0.9217443934683548
934,0.0001949925388105159,[1.95946335 3.84260089],0.9215335729203026
935,0.0006586698074459998,[1.9595537 3.841984 ],0.9211983978485127
936,0.0007076367881197475,[1.95958633 3.84165558],0.9210871572109378
937,0.0013737671264280763,[1.95884523 3.84032958],0.9204436437298668
938,0.0012826830748914762,[1.95883297 3.83785765],0.9194297243269008
939,0.0010392926381548992,[1.95855081 3.83581316],0.9188208224779334
940,0.0007876250965074988,[1.95809606 3.83405601],0.9179487785051539
941,0.00034952379734543417,[1.95762175 3.83426791],0.9174334372154143
942,0.0008627702862831829,[1.957634   3.83356837],0.9172160147432443
943,0.0004866402991782133,[1.95754769 3.83293724],0.9169867403923199
944,0.0006390432226063403,[1.95659232 3.83193692],0.9164256267742942
945,0.0013055174909793181,[1.95697172 3.83025262],0.9158213217716077
946,0.0005619001295954448,[1.95672895 3.83063391],0.9156709545471245
947,0.0008212895121610829,[1.9565873  3.82913506],0.9151404773658168
948,0.0003336339920872497,[1.95640238 3.82910626],0.9149602272031494
949,0.00033832730906546487,[1.95634183 3.82885085],0.9148385468841359
950,6.26708284460711e-05,[1.95629781 3.82882277],0.9148019088093508
951,5.411732579127472e-05,[1.95619332 3.82877055],0.9147375775274363
952,0.00012213572152357406,[1.95599853 3.82871513],0.9147087474986744
953,0.00012650272172542122,[1.95610551 3.82854003],0.9146179100166345
954,8.338003968781349e-05,[1.95612067 3.82841874],0.9145710127575968
955,0.00022190756276096248,[1.9559859  3.82807571],0.9143907859864224
956,0.00030482676055434895,[1.95571591 3.8279273 ],0.9143554992205254
957,0.0006849659298317265,[1.95602105 3.82715471],0.9141053791178538
958,0.0007630579380666324,[1.95560551 3.82654401],0.9136446129760663
959,0.00033728349204322487,[1.95549157 3.82641837],0.9135747671677072
960,0.0002651316758304872,[1.95550353 3.82615114],0.9134522957458163
961,0.0018154615710119439,[1.95469588 3.82405303],0.9124791589272611
962,0.0026903295473381023,[1.95405579 3.81871052],0.9102366262870325
963,0.0026903295473381023,[1.95405579 3.81871052],0.9102366262870325
964,0.008617215252999738,[1.95004025 3.8092662 ],0.906944665785682
965,0.003703052260462663,[1.95030612 3.80708464],0.904231392440143
966,0.002489634537399632,[1.94977508 3.80467179],0.9030022956795736
967,0.0021178046955963145,[1.95012714 3.80360724],0.9027789628576567
968,0.0008169521848649929,[1.94971502 3.80243693],0.9020685063416296
969,0.0005151635659905856,[1.94896057 3.80208986],0.9018529837000817
970,0.0002103306834380842,[1.94925112 3.8019154 ],0.9016231320277684
971,0.0002103306834380842,[1.94925112 3.8019154 ],0.9016231320277684
972,0.00043072652948010986,[1.94931365 3.80124133],0.9013973743330735
973,0.0005689927254463458,[1.94884219 3.80103658],0.9012321795552088
974,0.0007586159418976508,[1.94832519 3.79982114],0.9008029922583733
975,0.0011243107200891113,[1.94841357 3.79885153],0.9001314729250225
976,0.000688836134255644,[1.94801296 3.79795867],0.8997552491395718
977,0.0005224545757915501,[1.9478468  3.79700764],0.8992548382585863
978,0.0004453340595625381,[1.9479897  3.79564476],0.8987806833984203
979,0.00038415910636179797,[1.94756101 3.79533131],0.8984182232174226
980,0.0010006837916854171,[1.94696054 3.7938692 ],0.8977671493059081
981,0.0014383418564569857,[1.94624425 3.79169017],0.896840085150462
982,0.002219339035926073,[1.94491399 3.78830048],0.8960097255110523
983,0.0016427174561101541,[1.9454157  3.78673852],0.8942502811816931
984,0.002107119165793686,[1.94373284 3.78350592],0.893556941189578
985,0.0010807793601964755,[1.94443705 3.78375834],0.8928156726240996
986,0.0017572351390529953,[1.94350321 3.78105847],0.8916834407011147
987,0.0015911127907919335,[1.94372051 3.77933426],0.8907734845560521
988,0.0005803477108037916,[1.94362723 3.77920826],0.8906638290843273
989,0.0008059495248617969,[1.94347014 3.77850729],0.8903407107799282
990,0.0002775039039998633,[1.94329016 3.77837582],0.8901959947718585
991,0.0007982617153613299,[1.94329116 3.77800626],0.8900625123355799
992,0.0005044140895452058,[1.9432172  3.77704429],0.8897491670181575
993,0.0007387660671475929,[1.94241725 3.77604304],0.8890855712536458
994,0.00028811269709817783,[1.94253259 3.77594569],0.8889991139869065
995,0.0001590974013065505,[1.94247323 3.77577883],0.8889196668236683
996,0.0002515239151692045,[1.94255029 3.77518307],0.8886837742479635
997,0.00035780678463537643,[1.942364   3.77462297],0.8883903331016018
998,0.0003053542229528422,[1.94234916 3.77416333],0.8882301858059966
999,0.00038561846940977576,[1.94215366 3.77335881],0.8878489530749258
1000,0.000870348664579617,[1.94163575 3.77187624],0.8870491637943853
